url,title,saves,timestamp
https://www.pinterest.com/pin/1101833865125675623/,N/A,1816,2026-05-17 11:00:30
https://www.pinterest.com/pin/1101833865125519698/,N/A,826,2026-05-17 11:00:34
https://www.pinterest.com/pin/1101833865125477731/,N/A,599,2026-05-17 11:00:34
https://www.pinterest.com/pin/1101833865125649674/,N/A,235,2026-05-17 11:00:33
https://www.pinterest.com/pin/1101833865125723456/,N/A,164,2026-05-17 11:00:30
https://www.pinterest.com/pin/1101833865126049306/,N/A,48,2026-05-17 11:00:25
https://www.pinterest.com/pin/1101833865125912375/,N/A,17,2026-05-17 11:00:27
https://www.pinterest.com/pin/1101833865125519194/,N/A,8,2026-05-17 11:00:33
https://www.pinterest.com/pin/1101833865125938399/,N/A,7,2026-05-17 11:00:27
https://www.pinterest.com/pin/1101833865126175489/,N/A,5,2026-05-17 11:00:23
https://www.pinterest.com/pin/1101833865125256338/,Log in to see more,4,2026-05-17 11:00:37
https://www.pinterest.com/pin/1101833865126065834/,N/A,2,2026-05-17 11:00:25
https://www.pinterest.com/pin/1101833865126907191/,N/A,1,2026-05-17 11:00:14
https://www.pinterest.com/pin/1101833865126172557/,"Homedics Tabletop Water Fountain, Home Décor Soothing Sound Machine - Automatic Pump, Deep Basin.",1,2026-05-17 11:00:24
https://www.pinterest.com/pin/1101833865125472291/,N/A,0,2026-05-17 11:00:35
